x_real,y_real,x_fake,y_fake
-0.10870983451604843,0.08084560185670853,-0.8067320518992658,0.06876468172502243
-0.07890963554382324,-0.012304605916142464,0.2212473291790514,0.10358205185358668
-0.44752174615859985,-0.3292596936225891,0.8333550556916516,0.025223236799520238
0.4460659623146057,-0.0888710618019104,-0.3884378780708774,0.047245170330802666
-0.2611236870288849,-0.05736350640654564,-0.3498176670324682,-0.20144832320942374
0.7757981419563293,-0.23401546478271484,0.32149878645097785,-0.2151557581912535
0.016869546845555305,-0.06813120096921921,0.4313980712411396,0.29638426168969767
0.6618008017539978,0.1628764122724533,0.23639298233691702,0.32234480489722017
0.32074639201164246,0.21534454822540283,-0.8062501640010695,-0.4471984034396409
0.7254928350448608,0.13369406759738922,-0.0167105530950407,0.24615917991604452
0.3038214445114136,-0.3952183723449707,-0.5852110867888821,0.19583601669169615
0.17123058438301086,0.24428114295005798,-0.09436642563909058,-0.033050095613630814
-0.4159929156303406,0.020811818540096283,-0.2649278389885301,-0.1446582672066867
1.272137999534607,0.08808901160955429,0.6235959609625505,0.11988105944952548
-0.36294353008270264,0.011464745737612247,0.5988918547797145,0.06257011280241384
0.3949020504951477,0.2275339961051941,-0.6693908006211106,0.17896882161159472
-0.5751324892044067,-0.37756678462028503,-0.021876203431140814,-0.11841134028282072
-0.0228433720767498,-0.0899469405412674,-0.24415874038857038,-0.06825687808086764
-0.3100438416004181,-0.29619237780570984,0.15044934697548562,0.15507226027119658
0.3111461400985718,-0.019313745200634003,0.3716023442325281,0.3712001165808577
-0.8027713298797607,-0.1416628062725067,-0.21319170431610257,0.08493355353333434
0.34444525837898254,-0.01657649502158165,0.3012456522648786,0.042298545978087694
0.2273770123720169,-0.04682769626379013,0.7948688507557724,-0.031422762199866866
0.1936720609664917,0.18104898929595947,-0.8933842843422881,-0.12736170118046464
0.06012878194451332,0.06391790509223938,-0.4783382433619179,-0.22133347610763676
1.1230067014694214,-0.20381778478622437,0.18406363298784156,0.17277084731663303
-0.44925570487976074,0.2564663887023926,0.4508604613791786,0.12091073609834913
-0.4175164997577667,-0.11354385316371918,0.6598634130463013,-0.1772260047961277
0.26983630657196045,0.4260486960411072,1.3042656780657809,0.29553583814354856
0.14220261573791504,0.17321370542049408,-0.09445726754128014,-0.3071399446330779
-0.11401128023862839,-0.03830999508500099,-0.13363235187093525,-0.05067768374499002
-1.4675447940826416,-0.09506866335868835,0.3442073156949603,-0.21690374681071486
0.9148439764976501,-0.33198583126068115,-0.037449702729120404,0.08327200052061674
-0.44052016735076904,0.3495231568813324,-0.5146237101504065,0.07985803746485454
-1.341812014579773,-0.28718462586402893,-0.026288018253575407,0.017363762393291217
-0.11150747537612915,-0.0048516616225242615,-0.10202019475151744,0.05102644007037591
-0.6434653401374817,0.3111903965473175,-0.32214168660184656,0.2738719769260693
-0.02050883322954178,0.1276789754629135,0.7396110766471916,0.02905038739646352
-0.6377007961273193,0.2876719832420349,-0.620873903594388,-0.03612648287820158
0.032579630613327026,-0.48684537410736084,-0.7070608592442937,-0.19053773270868302
-0.3340982496738434,-0.1832001805305481,0.7357422347091458,-0.0145765997953615
-0.17374832928180695,-0.03060165047645569,0.1780736716066838,-0.06082728373645991
0.3047991693019867,0.005021651275455952,0.0328612144106407,-0.4916116165705445
0.3333440124988556,-0.04052257165312767,-0.5193811026979045,0.16360150514288746
-0.4750518202781677,0.12534977495670319,-0.06460102938526834,-0.17237466336401094
-0.2142581343650818,0.3677653968334198,-0.1363338207162683,-0.08171400426643977
0.27838751673698425,-0.08632820099592209,0.2661836557831704,-0.1355873728867586
-0.7127453088760376,0.22906005382537842,-0.9154691262807808,0.07674035376616722
-0.26031821966171265,0.0015628442633897066,-0.14715423121111407,-0.12985256298533537
0.007076220586895943,-0.12720343470573425,1.274144842008468,-0.27376719475689837
0.37551453709602356,0.10019653290510178,-1.1665045033550248,0.4021425281745741
-0.5825772881507874,0.09802360087633133,-0.8756694040594047,0.0906992326087735
0.07881484925746918,-0.2941853702068329,-0.12632046552843817,-0.12888664524231103
0.7409811615943909,0.19354809820652008,1.4863953121525606,-0.12661359367258887
0.7314084768295288,0.02032076194882393,0.7396591567201786,-0.0854963561102353
-0.8136662840843201,0.0564393475651741,-0.03923916601286001,0.16205139991781248
0.13170228898525238,0.24322272837162018,-0.18794674715116302,-0.17702301759823968
-0.6278761625289917,0.28520575165748596,0.09732950766245013,0.09759247911216062
0.06858117133378983,0.18903711438179016,-0.5140960487216603,0.11431852321599026
-0.22838012874126434,-0.12435202300548553,-0.29946243527215455,-0.30334761236724556
0.2018410712480545,0.16192792356014252,0.35379575834871013,-0.05330594783509113
0.23266200721263885,-0.060129862278699875,0.34110563187852977,-0.07880088199236707
-0.033048056066036224,0.22621460258960724,0.5386757897042154,-0.17477696152143352
-0.17183741927146912,-0.47796276211738586,-0.06452719234829837,0.09539066606256151
0.08607301115989685,-0.3077772259712219,-1.0885719399759797,-0.11835462757928039
-0.4307357966899872,-0.0736696645617485,0.3199037826111208,0.05538735220521751
0.4815240502357483,-0.197688490152359,0.46407151945048947,-0.24604743599486978
-0.004789328668266535,-0.13964936137199402,-0.20636149904886442,-0.32957740879643493
-0.3374336361885071,0.12115028500556946,0.44433840931933954,0.09957779494837421
0.38585859537124634,-0.0213206447660923,0.12086994545176728,0.0951651211359184
-0.5202268362045288,0.07590827345848083,-0.5448160881151713,0.19811532553115122
-0.16705794632434845,0.19982358813285828,-0.07422255863008997,-0.08073057506394463
-0.8918461799621582,-0.44606468081474304,1.0443652910282677,0.07118773006314227
-0.3672792911529541,0.07865798473358154,0.05060569127348592,-0.4080047187077005
0.13893412053585052,0.17052224278450012,0.5944643968940677,0.05414747954166901
0.18708813190460205,0.4638916850090027,-0.826296360382982,0.1503152242687476
-1.0888431072235107,0.00733463279902935,0.18460447156392557,-0.13140258249755793
-0.06654232740402222,0.029253819957375526,-0.23740580249138626,-0.39385892172170595
0.6279536485671997,-0.14233003556728363,-0.288430684494963,0.3089572690734418
0.3578137755393982,-0.47012245655059814,1.6333588440046498,-0.0020107751281521822
0.015678811818361282,0.25476911664009094,-0.31564274316877017,0.4712467343276131
-0.6472838521003723,-0.23880335688591003,0.3397634035526411,-0.13850711560387335
0.3586772382259369,-0.10746156424283981,0.1113852977715988,0.3394484310624265
-0.5043308734893799,0.227799654006958,0.5628186900760074,-0.10325204590850642
-0.6188491582870483,0.044242486357688904,-0.00290761737489606,-0.0066275955954954655
0.08294586837291718,0.09311780333518982,-0.3174810300434504,0.025253679597102646
-0.798906147480011,0.011074963957071304,-0.1781547108308542,0.04803278322026791
0.6001838445663452,0.09756014496088028,0.9578518483970411,0.14533674914993083
1.1377416849136353,-0.18247903883457184,0.8400440750923057,-0.3800075985795877
0.361244797706604,-0.3869520425796509,0.34515163421681694,-0.0629046303822907
-0.4447837173938751,0.30065950751304626,0.158696530190601,-0.033338118896116986
0.01922452636063099,0.035360436886548996,-0.11738842113716141,0.09239375089656111
-0.6076131463050842,0.1738208830356598,-0.2733090897284629,-0.14321413050655035
-0.18068905174732208,-0.3082149922847748,-0.7262002361730646,0.1757016442737675
-1.066115140914917,-0.18084107339382172,0.4569699047777287,0.1882549669537273
-0.45606034994125366,0.266853392124176,-0.1545125928305214,0.25083164992167906
-0.18534885346889496,0.15587592124938965,0.12171971340919555,-0.09930038394670568
-0.14393514394760132,0.07074972987174988,0.1105978388801866,0.18689043486975493
0.11068672686815262,0.06867784261703491,0.6429466379601632,-0.2977300015096338
-0.10702631622552872,0.05497017130255699,-0.6255128336554566,0.07347164278783846
0.20772139728069305,0.04468373954296112,-0.6766391833121252,-0.013391057562804232
-0.4053088426589966,0.13547149300575256,-0.1423216675271961,0.08259524773289331
-0.1724672019481659,-0.04824131727218628,0.2475766801124638,-0.27537723725095725
-0.4944780170917511,-0.08509941399097443,-0.7367607992524793,-0.0631786366456541
-1.0239475965499878,-0.10501845926046371,-0.42219406537295634,-0.24631763283081154
-0.1752287894487381,-0.38583120703697205,-0.46325442731797883,-0.0909849084869548
0.005928343161940575,0.034324031323194504,-0.013073016496875985,0.028892527922792392
-0.5021246075630188,-0.3264046013355255,-0.03275371598362072,-0.13304582058371273
0.2998615503311157,0.16634683310985565,-0.09439234554580632,0.08347846350633209
0.06310678273439407,-0.09333519637584686,0.05797466054643161,-0.09115264506312148
-0.28019511699676514,-0.1435176581144333,0.1424213646950554,-0.24546198493634608
-0.01979641243815422,-0.14167730510234833,0.061277818785564,0.16777520659636191
-0.7533337473869324,0.09587492793798447,-0.1348571555304716,-0.22976660693671414
0.008699740283191204,0.1780470460653305,1.4393151308384573,-0.12264925931635988
-1.0917056798934937,-0.12277450412511826,0.7649226342862029,0.0002406101510668908
-0.5512059926986694,-0.1754898875951767,0.3728936586491801,0.09192097468956661
0.5723323225975037,-0.05195607990026474,0.6431258804148351,0.08992558239735227
0.3646147847175598,0.10020644962787628,-0.5663693677575627,0.4530120659088106
-0.09424284845590591,-0.05386197939515114,-0.07471922818450963,-0.08635769338596637
-0.8743628263473511,0.16183215379714966,-0.03093574495535128,0.1539257224687545
0.299053430557251,-0.13115032017230988,-0.16385408688170586,-0.33541054602826575
0.0346376858651638,-0.2854597568511963,0.293691862581021,-0.3518489065691046
0.8174894452095032,0.006699917837977409,0.14965361441940198,0.12256922663850525
0.3745080530643463,0.053017593920230865,0.19892136409851352,0.41428786050045124
0.3106123208999634,0.45979946851730347,0.12310657554325144,0.05070602831381431
-0.5676880478858948,-0.06834900379180908,-0.020121427470257677,-0.1955341682216503
-0.6085043549537659,-0.02290423959493637,-1.313442183257703,-0.3095939059773485
0.6383802890777588,0.22857871651649475,0.9482130794878335,0.2741661327249495
0.493814617395401,0.041026752442121506,-0.67919521807595,-0.38641684041446145
-0.2210501879453659,-0.32184919714927673,1.242493359205565,0.21867524861153675
-0.17596310377120972,0.06601265072822571,-0.1893243620760253,-0.11987937191279252
-0.15278638899326324,0.3223206102848053,0.34181640859415063,-0.2311490321966449
0.028663763776421547,-0.10607555508613586,-0.3325215077063108,0.25910152457930996
-0.4392688274383545,-0.2997271418571472,0.08210591666260117,0.4217937875908181
0.22585786879062653,-0.5198391079902649,0.7393868187546555,0.3892224916887811
0.3319893479347229,0.018422216176986694,-0.5038355339926905,0.07700629878670326
0.5375393033027649,0.0875970721244812,-0.015381032644449781,-0.011512446556643614
0.7371948957443237,-0.0220610573887825,-0.4165519745336178,0.27398539632106067
0.10719875246286392,-0.14052985608577728,-0.5764831490011227,-0.028141365235800797
-1.015708088874817,0.07723368704319,-0.7635787302273442,-0.2028213835105433
-0.8117424249649048,0.20962373912334442,0.47047053347660295,-0.22828833439510784
0.37039873003959656,0.4716610312461853,0.03875540730476422,-0.339530883204907
0.13384084403514862,-0.07923008501529694,-0.053226362802635416,-0.21058671399099907
-0.518972635269165,0.12261231243610382,-0.40166892031207396,-0.08028419098630829
0.029658131301403046,0.08698219805955887,-0.08686145992893116,-0.19753614334425523
-0.7626233696937561,0.1210610643029213,0.5718950420532553,0.014118145225408642
-0.2410711795091629,0.15963394939899445,0.16264854786645844,0.1513644864806079
-1.010756254196167,-0.08090123534202576,0.2344832912191085,0.21914008751457303
-0.23987990617752075,-0.08733846992254257,0.9860186528932842,0.08669561066847398
0.29562246799468994,0.3153267800807953,-0.8509893305272882,0.17867528940066152
0.3213256299495697,0.04988604038953781,0.25867372146868717,-0.1753752472012713
-0.2645891308784485,-0.0220661461353302,0.23434202272666893,0.3450404038851458
-0.5791980624198914,0.4263814389705658,0.07509953131184785,-0.04563059734038758
-0.2024606168270111,-0.05918067321181297,-0.0658909774971205,-0.23664272265094372
0.1026461198925972,-0.18504799902439117,-0.43895404221824164,-0.3927197713996595
0.7028803825378418,0.251981258392334,0.7269535489080668,0.13955633992137062
-0.08427368849515915,0.07259399443864822,-0.33371285409626483,0.10118957861160724
-0.2558263838291168,-0.1479479819536209,0.05555044307715912,0.3773089009928385
0.10723167657852173,0.05649661645293236,0.44460291397395324,-0.1442995832281953
-1.2547965049743652,-0.23888017237186432,0.012473878705434614,0.03078086537331874
-0.6396875977516174,-0.2352520078420639,0.15710810371624023,-0.11732227608942448
-0.28029271960258484,0.1252460479736328,-0.9166681560234815,0.19565656189097014
-0.739092230796814,-0.06149598956108093,-0.012598110351843987,0.07477132016567853
-0.09854249656200409,0.17649225890636444,0.3148628217094221,-0.12526823919789343
-0.08374801278114319,-0.08546371012926102,0.5883167802956104,0.11226451915876273
-0.37889987230300903,0.0088792210444808,0.14256518654684514,-0.4160253889101013
0.1969546377658844,0.1049058809876442,-0.06537080053320343,-0.5042516125146478
-1.0414808988571167,-0.11830080300569534,0.6486085459964325,0.563577942130865
0.37937191128730774,-0.03263729438185692,-0.823154627077028,0.5953308884984095
0.03392024338245392,0.028004372492432594,0.9899482141585324,0.23550149654470476
0.03854520618915558,-0.19826745986938477,-0.6310831505117493,0.174735267301369
0.7675437927246094,0.1124441921710968,0.30789047129974617,0.10801531733621011
-0.011261899024248123,0.21306690573692322,-0.27017001708212796,0.10958064517702588
0.5455335974693298,-0.07253125309944153,0.7502978003398089,0.775817466930516
0.4297404885292053,0.35898223519325256,1.0736708289953898,-0.18893215451246045
-1.0536646842956543,-0.1169053465127945,0.6161794391391753,0.1831742055087921
0.6776418089866638,-0.010084327310323715,0.7430022004351842,-0.4471779554791728
0.2578314244747162,0.0467551052570343,0.5142293619991298,-0.07828739868218526
0.3004991412162781,0.34437084197998047,1.2691501256706248,-0.42556095399710586
0.5668116807937622,-0.2230195701122284,0.8428543683574057,-0.26707363610388607
-0.9418940544128418,-0.440195769071579,-0.0964508138433384,-0.14698283442254262
0.18505951762199402,-0.12434757500886917,0.015530529340698013,-0.34350878634198617
0.8330346345901489,0.2932092845439911,1.4992242781084084,0.3161306267715386
0.10051710158586502,-0.16002655029296875,0.01640568103446896,0.17148390880131353
-0.3229362368583679,0.1325189620256424,-0.24473924895583254,-0.08109987233476941
-0.01536888349801302,0.24225831031799316,0.0011525338629546494,0.025626762381958615
-0.10201234370470047,-0.2349022775888443,0.08065715484039515,-0.031685708943251664
0.3262316584587097,-0.21935540437698364,-0.3689502880192157,-0.07956080238508541
-0.5889579057693481,0.3334907591342926,1.048781581302419,-0.20429259383079904
0.24925678968429565,0.327440470457077,0.187475779915178,0.09515198620662328
-0.26963430643081665,0.41012758016586304,-0.74707026560026,-0.06667679035114737
1.1070351600646973,-0.0940733477473259,0.3563636453153355,0.0926869402979848
0.17397764325141907,0.048253133893013,-0.16077955558124618,-0.10693636022658756
0.6662793159484863,0.31433477997779846,0.4567170416055638,0.5288531127808376
0.42407509684562683,0.25935041904449463,-0.19208184454275767,-0.05136974930773014
0.4428026080131531,-0.22097566723823547,-0.4110327873204089,-0.01747041944277919
-0.2623927593231201,0.0010038407053798437,0.08229754156009031,-0.07965598833568557
0.7783945798873901,0.022466842085123062,0.8511663884310572,0.1313777434411112
-0.3493923842906952,0.14307641983032227,0.1891219611185148,-0.34486862081513886
0.6822763085365295,0.1171431839466095,0.7907094864531643,0.39792752793997466
0.5935587882995605,-0.13141728937625885,-0.10215746052046464,-0.17523913822173037
0.04432975500822067,-0.29770568013191223,0.3215903799845595,0.18649969536260802
-0.8469263911247253,0.4868742823600769,-0.7878920277106463,0.032450241668918134
-0.38756731152534485,-0.13361459970474243,-0.46394706823075527,-0.02365296133870573
0.5833000540733337,0.28052401542663574,0.28703977782691315,-0.19067901653322922
-0.16386590898036957,0.17833341658115387,0.4888856699789741,-0.22120306598331413
-0.1189538761973381,-0.26875126361846924,-0.0998850851772434,-0.10997933321596037
0.7200830578804016,-0.18966415524482727,-0.1185944883862301,-0.02860580961562547
0.06329916417598724,0.05463915690779686,-0.4808617456180352,-0.06165948697764058
-1.03719162940979,0.09703689813613892,0.4189285505648349,-0.13140691690258238
0.08506707847118378,-0.028654204681515694,0.45381003948236465,-0.4622238114438038
-0.030354341492056847,-0.12345049530267715,-0.45992415949572396,-0.03960192766681775
0.5489093065261841,-0.2254728376865387,-0.4528081424668556,0.25351974404491806
0.2699444890022278,-0.2678111493587494,0.31839869303278107,0.169160685101723
0.06581143289804459,-0.125495046377182,0.6187090764350724,-0.4515240859625548
0.4975194036960602,-0.049702491611242294,0.5952251947432081,0.09452777101631143
-0.6165764331817627,-0.16578775644302368,1.2768162339484546,-0.40585716450543274
-0.8771292567253113,-0.1210823804140091,-0.3715037428522462,0.008787105341095664
-1.2140322923660278,-0.13718339800834656,0.06132477080951359,0.12650063617319723
-0.2523534893989563,0.4724809229373932,-0.09523306245881008,0.7464109332106419
-0.3070116341114044,-0.18362149596214294,0.06540358207195536,-0.15094331506641231
-0.788268506526947,-0.19925840198993683,0.3615790019010358,0.05879470996232687
0.19858579337596893,0.8008237481117249,-0.3781987273556067,0.007699867847010544
-0.2156984508037567,-0.19778494536876678,0.7496891461840643,0.0026023531207547707
0.3225366473197937,0.5075790286064148,0.6051847504243241,0.0734252123016839
-0.8005318641662598,0.16885578632354736,0.4570242459260984,0.06903704914090998
0.21761322021484375,-0.006473282817751169,0.1225662877810371,-0.19254999674194656
-1.62860107421875,0.07567914575338364,-0.4862139274673716,0.13282512001086882
0.27867287397384644,-0.17413587868213654,-0.02449063832124551,0.2520133272151253
-0.237725168466568,-0.1231246218085289,-0.4158036738559723,0.04531224889698607
1.0647305250167847,-0.0017679588636383414,-0.11591273984661413,-0.26754995982566154
-1.0339823961257935,0.1160125657916069,-0.610272825262131,-0.16994173443842592
0.04561780020594597,0.2263776808977127,0.054181409536994636,0.5269730650207796
-0.6932650804519653,0.4882863759994507,0.5350151627828188,0.2972716981524574
0.09650672227144241,0.20902729034423828,0.28825854527705047,-0.09829507870731725
-0.2817067801952362,0.15929685533046722,-0.8617009647058872,-0.1075274282441438
-0.2832648754119873,-0.20190230011940002,0.3256729170589575,-0.02069752971550026
0.09890354424715042,0.14844277501106262,-0.5299520622140189,0.2341723773301873
0.344736784696579,-0.12721705436706543,0.877803817251378,0.34964603617143
0.21899989247322083,0.13930539786815643,0.664397566081233,0.1562522482293463
0.19668303430080414,0.18055909872055054,-0.06824220211546039,-0.2400886132493012
0.36132848262786865,0.24548779428005219,-0.18091447506718436,-0.03311799914674248
0.5962598323822021,-0.24654750525951385,-1.0974723641423951,0.2792380903649492
-0.5884186625480652,-0.5240143537521362,-0.38472096833858577,0.18755420184789345
0.07749228924512863,0.11879097670316696,0.538536931889443,-0.05825247095119894
-0.8663409352302551,0.3839458227157593,-0.2609525218115228,0.1008383164301026
0.5221233367919922,0.4627137780189514,0.32512287963202413,0.4542893817639616
0.33531391620635986,-0.17345166206359863,0.24252403955009094,0.3200859720145588
0.38611188530921936,0.19498519599437714,0.46682522573786633,0.18393401479465815
0.22715476155281067,0.06522860378026962,0.09273298434125207,0.3057157196443191
-0.4538935422897339,0.053205057978630066,0.14929799430062024,-0.28048700459372683
-0.046536870300769806,0.09538870304822922,-0.3107693165380239,-0.0595580727884964
-0.23354072868824005,0.06060880795121193,0.34932360242188104,-0.6198505343121479
0.4197181165218353,0.17550870776176453,-0.6839320002208069,0.1502224159937226
0.07784818857908249,0.19883640110492706,-0.30862400847673793,-0.006535871215405211
-0.036401327699422836,-0.7677893042564392,-0.366794292582829,0.22866080654822057
0.33999472856521606,0.2609354853630066,0.07482080802142188,0.05565016791632194
-0.4574718177318573,0.3540390729904175,0.6174016554017555,-0.1722328134541129
0.1711360663175583,0.21050627529621124,-0.6847498215228447,0.0808491297625667
-0.012763995677232742,-0.19442716240882874,0.23360316560032085,0.06429748511140283
-0.011722074821591377,0.0076589505188167095,-0.04321413360472482,0.1203545830530062
0.11268046498298645,0.04632526636123657,0.3679929387466282,-0.24130843695052348
-0.14137014746665955,0.2008577138185501,0.03753590801962539,-0.006281674849779366
-0.16598503291606903,0.5298344492912292,0.9766287349089133,-0.2073630844253121
0.013407111167907715,0.4682086706161499,-0.6020642879226514,0.04702059926369889
-1.0473644733428955,-0.49567022919654846,0.14731741384072283,0.21131612643923664
-0.7795884013175964,-0.018329879269003868,0.3219957967169842,0.26055498192593335
-0.3152361512184143,0.2792973816394806,-0.34284601901133016,-0.5411361935266954
-0.3582816421985626,-0.19947107136249542,0.34868547480397794,-0.08851459670219067
0.08509623259305954,-0.06402717530727386,-0.27831602373320874,0.2589294866976556
-0.011117037385702133,-0.32486653327941895,0.8668447278682666,0.27488364624074496
-0.09835461527109146,0.2725445032119751,-0.04474075460615695,0.16153610475210206
-0.12493645399808884,0.2726084589958191,0.3213629408245763,0.142091807953234
0.49367842078208923,-0.6047758460044861,0.26022396101429135,0.15334480459792077
0.4498048722743988,-0.04111884534358978,-0.029419845596438274,0.3918146074758704
-0.3376820981502533,0.1943047046661377,-0.1410987406166483,-0.06415605923504462
-0.1860792189836502,-0.044647011905908585,-0.26381891581973627,0.020606022819601222
0.43385815620422363,0.5714699625968933,-1.2431139090730277,0.06174965132863963
0.32317081093788147,-0.14470899105072021,-0.17134132050347817,-0.37944631989198047
-0.1752253919839859,0.1772792786359787,-0.04144946566829665,0.23238194369205661
-0.3224831223487854,0.06199044734239578,0.11198779415633031,0.0844335898613054
1.0478721857070923,-0.47758734226226807,-0.33847455632360135,-0.48905183329213797
-0.16249904036521912,0.31000328063964844,-0.04395744450017754,0.2719301042638296
0.290522962808609,-0.008824273943901062,0.6929841019696668,-0.18145128133748117
0.6049574613571167,0.29919591546058655,-0.5678880790275549,-0.03878456500307975
-0.9480596780776978,0.07439881563186646,-0.17461241327558502,0.1720448889203955
-0.08265311270952225,-0.020549580454826355,-0.8048465577888724,-0.1120266495421004
0.6635725498199463,-0.17845553159713745,0.0125813862366623,-0.1563311012503495
-0.1576644778251648,-0.04024898633360863,-0.2677671204050794,-0.26676058763594346
0.05732052028179169,0.05625110864639282,-0.35866046896242837,0.20041759571173573
0.4805418848991394,-0.12131112068891525,-0.38995402697751164,-0.11341510320002413
-0.13225828111171722,-0.3057421147823334,0.2007272285967694,0.1370973430130175
-0.16267038881778717,0.18988777697086334,0.35919245135580025,-0.4033267739066735
0.2914861738681793,0.2019399255514145,-0.2886370284764924,-0.040996790407173744
-0.37899303436279297,-0.1838722825050354,-0.9851091398411126,0.01351896298837324
-0.7464848756790161,-0.1016533300280571,-0.015366839211325048,0.3217352726917879
0.9733420610427856,0.2497972697019577,-0.7050627517126757,-0.22281991853016936
-0.2470961958169937,-0.1401827484369278,-0.0452316051175384,-0.4410067317868829
0.2489195466041565,0.22051872313022614,-0.2544208859735807,0.01838014862981629
1.0652885437011719,-0.6071922779083252,-0.9849111507404609,0.1383249051467056
0.5074840784072876,0.06385691463947296,0.6093972218540104,0.12969166621517164
-0.01712326519191265,0.01461907010525465,0.7485871642232661,-0.58263493425557
-0.6147477030754089,0.18079853057861328,-0.8019701938581392,-0.13206852219246112
-0.42341265082359314,0.3784496784210205,-0.20843464949857415,-0.3131123811008988
-0.1761515736579895,-0.04309893772006035,0.2533837481947467,0.056278445704917184
0.18892981112003326,0.08329874277114868,1.1411023372128635,-0.16043229457133423
0.18141381442546844,-0.3301997482776642,0.16022091587826898,-0.17744743920586184
-0.24355058372020721,0.20051309466362,-0.16087462062361274,0.1293177001579937
-0.7971528172492981,0.2490563988685608,-0.8110902984550914,0.07294395837595397
-0.1009867861866951,-0.3612247407436371,0.11791269548744232,0.384289847112187
0.4855175316333771,0.09785128384828568,0.37368269656488456,0.10223570139013194
-0.19235160946846008,-0.15925249457359314,1.02161797705112,-0.06274320406692716
-0.4467853605747223,0.0881974920630455,-0.606161341331798,-0.045925482007110885
-0.38788604736328125,-0.5310752391815186,-0.6309716368750911,-0.5909752052687555
0.4028637111186981,0.12948721647262573,-0.3626781873571314,0.15924060137776794
0.2995718717575073,-0.21305370330810547,0.009473517346649626,-0.283838994802486
0.14494431018829346,0.2741899788379669,0.06391507738177025,-0.30511792310508173
0.5395180583000183,0.271898478269577,-0.9157685005357614,0.003800615713982658
0.19090786576271057,-0.05157666653394699,0.5346043562769982,0.005155065228390897
-0.11700119823217392,0.06137137487530708,-0.2971373232471651,0.15985410756688087
0.40037310123443604,-0.14574909210205078,-0.2735750341455646,0.1925504931524572
0.7187237739562988,-0.13369637727737427,-0.13665628324378823,0.09006374260676851
0.41313835978507996,-0.30574479699134827,-0.043486779406185956,-0.29760901246687754
0.5083025693893433,0.04821648821234703,-0.3559627397606279,0.05725433495518256
0.0038546123541891575,-0.07418932765722275,0.08631889167462617,-0.12977802979886988
0.283481240272522,-0.1251327097415924,0.48020145567288675,0.6583545747072289
0.4413290321826935,0.21051111817359924,-1.4428114634598277,0.274414952491828
-0.24412056803703308,0.14838090538978577,-0.213266871673029,-0.37452535233880313
-0.24927514791488647,0.47167617082595825,0.024015711690686933,0.055746979451199434
0.301923930644989,0.01824250817298889,-0.5696514405228682,0.16260640923549877
0.1575523465871811,-0.41301146149635315,-0.19695661008670814,0.14736669699221716
-0.11160451918840408,0.36019793152809143,-0.39639734898571666,0.12722157918099747
-0.12215587496757507,-0.351696252822876,-0.11440255447622301,0.21683527312206516
0.42471635341644287,0.5207679867744446,-0.21226777497922183,0.01992383580446766
0.6894561648368835,-0.3049565851688385,-0.09758771545807475,0.31357944268088755
-0.6876363158226013,0.21521595120429993,-0.852024238327387,0.285843912537527
0.54245924949646,-0.07741987705230713,0.14609570893038615,0.3407771263476273
0.2839202582836151,0.5024054646492004,-0.43929214567893343,0.2708384191934204
0.4358617067337036,-0.17625072598457336,-0.3503717348998841,0.039085993169925226
0.18876567482948303,-0.2658151388168335,-0.801773746921235,-0.039253828940380486
0.142179474234581,-0.12266430258750916,0.23429675676363393,-0.1262579015782498
-0.500182569026947,0.09909556806087494,-0.37671486079623895,0.1375156309539599
0.7858951687812805,0.0869373008608818,0.20413492379920917,0.34075436983796414
-0.014460732229053974,-0.04553383216261864,0.320285783484223,-0.1757483231613602
0.25245121121406555,-0.3877909183502197,0.5662426122147128,0.17904667049424738
0.9087132811546326,0.06802808493375778,0.5894761643573436,-0.13951682174479352
-0.47172877192497253,-0.13121749460697174,0.9801732942166713,-0.3347716803817473
0.619954526424408,0.3795485496520996,0.4634608918927803,-0.19665270248149344
0.4010285437107086,0.023192960768938065,-0.1276237730691133,0.0784691913036572
0.1181183010339737,0.14602038264274597,-0.4980474089560576,0.15346458733948015
0.38562941551208496,0.39615148305892944,0.8160145847629754,0.05196936595797329
-0.5696167349815369,-0.2017473578453064,-0.04605946369635534,0.0014540615106332579
-0.378248393535614,-0.05787649005651474,-0.7604159961696884,0.17101032148145517
0.12599855661392212,0.04458969831466675,0.007264632276967157,-0.27188340848456843
-0.09849479049444199,0.40397223830223083,-0.44465434594663694,0.17797598526777708
0.4160960912704468,0.16488297283649445,0.00030196514947244214,-0.08456617565674415
0.3407127261161804,0.1195196807384491,0.5733789189916877,-0.1404212459351999
0.5177666544914246,0.18189890682697296,-0.06437323716798352,0.12470189565271436
0.3907640278339386,0.24975359439849854,-0.27965891948287147,0.25694568306115134
-0.9049054980278015,-0.21487148106098175,0.25662244133954787,-0.14910991897355583
0.06704942137002945,0.4269750118255615,-0.13073873820295523,-0.0950687231264196
0.18267305195331573,-0.12541767954826355,-0.2024133669225801,-0.07198035041778972
0.8106899261474609,-0.03164438530802727,-1.3350418302957643,0.27760717962403786
-0.18805275857448578,0.1833612024784088,0.15910402659490036,-0.2711631039621579
-0.5759007334709167,-0.1433456689119339,-0.20604165809329894,-0.043023971207454985
0.0049777766689658165,-0.0023580060806125402,-0.0063456826174675685,0.526937064799383
-0.3929891288280487,0.09317051619291306,0.6591220049396619,0.03794576006902488
0.5711604356765747,-0.29338619112968445,-0.005538849172563996,-0.11401220030372655
0.14003542065620422,-0.2311973124742508,0.10107213239699243,-0.14030410647255528
0.38595670461654663,0.13469530642032623,1.5684975049977903,-0.09250829065953582
0.3215952515602112,-0.6823996305465698,-0.8605707285537656,0.46544460200025334
0.5100533366203308,-0.18008677661418915,-0.04457229923162426,-0.1336058178744295
0.277036190032959,-0.2396276593208313,0.03335001047356227,-0.11875160191447043
0.2728744149208069,0.0626780092716217,0.4037141710811775,0.04071568225242266
0.5577431917190552,-0.20126783847808838,-0.5875999973345484,0.23116672121667503
0.37493598461151123,0.27598151564598083,-0.8464592026498654,-0.03536150239295699
-0.2897230088710785,0.07031648606061935,0.7034166052611992,0.14188699611557332
0.2401551455259323,-0.2274324893951416,0.25375554800056527,0.10028204509493954
0.3842916786670685,-0.01944916881620884,-0.30154905819929534,-0.23997552778127546
0.28017786145210266,0.20464828610420227,-0.09720504118869541,-0.032127336413591404
0.8782865405082703,0.02203034795820713,0.021362927302345347,0.06568594718383847
-0.18319416046142578,-0.025158559903502464,0.621500236806832,-0.18103086652936667
-0.8309499621391296,0.2979276776313782,0.5689642559244177,-0.0203603774043224
0.009978881105780602,-0.09166169911623001,0.5729579701030882,0.026455089659711863
-0.2699001133441925,0.06800682097673416,0.4036733732150379,0.23835562720405057
-0.4481106996536255,-0.322765052318573,-1.0161108857015813,-0.12712645533216732
-0.6053537726402283,-0.18152053654193878,0.4427786843028546,0.14138625880280764
-0.44358330965042114,0.12759040296077728,0.26135878471002505,-0.01299654783198919
0.18832707405090332,-0.2619972229003906,-0.08691681246470451,0.085274915038295
-0.12331554293632507,0.24581965804100037,0.7246740884455185,0.17496652465405582
0.5432654619216919,0.39302220940589905,-0.9772734683577418,-0.11795216184222457
0.1199474111199379,0.30580174922943115,-0.04853978559220384,-0.09324015821015216
-0.6260607838630676,0.19505693018436432,0.07489598735529948,-0.05410030197893078
-0.10363645851612091,0.11438239365816116,-0.39290016762295676,0.021004612688782814
-0.8635311722755432,0.06589479744434357,-1.2243476802390354,0.07509793602281178
-0.39716053009033203,0.11454131454229355,-0.4135877603195409,-0.08008745284689067
-0.5133146047592163,0.19383086264133453,0.1447480554335982,-0.5769310312853855
0.019776757806539536,0.15081718564033508,-0.15139574640586242,0.02583626406717
-0.044561147689819336,-0.3781545162200928,0.8821075636006542,0.3513756184792257
0.2373807430267334,-0.10861323028802872,-0.06299518343145687,0.34293443035001275
0.48844555020332336,-0.038909662514925,-0.4528718999933859,-0.0017021685891366323
-0.18341176211833954,-0.4644950330257416,-0.2724363668882344,0.2359408902911302
0.1452481895685196,0.12884899973869324,0.3630674482976545,0.3315447556605497
-0.004618719220161438,-0.03158971294760704,0.6937241412859974,0.0062845795741859065
0.6830306649208069,-0.09190842509269714,0.2531892997490736,-0.04611839327606244
-0.746537446975708,0.31365448236465454,-1.384765965027714,0.348439118515843
-0.034851111471652985,0.03594791144132614,-1.1337219395115463,-0.07281631468067085
0.7856855392456055,-0.28071802854537964,0.056442646610778247,0.4213223446448233
0.4352104067802429,-0.003201295854523778,0.17033827339980134,-0.033980132716069464
0.3004176914691925,-0.07381115108728409,0.1885488169389155,-0.5964444391948205
-0.5874408483505249,0.12849211692810059,0.7605644273138411,0.10567434377638962
0.3140053153038025,0.09728097915649414,0.4430316619212073,-0.13244586860044005
-0.6263918280601501,-0.03424520790576935,0.25740783697841446,-0.03423813543262615
-0.6481822729110718,-0.02267959900200367,0.06413242107015388,-0.03906254107227618
-0.47870007157325745,-0.26977595686912537,-0.13704453302062403,-0.15824327919977574
-0.5875166654586792,-0.5078004598617554,-0.6088212867482645,0.03802537392705707
0.355440229177475,-0.10960621386766434,-1.0031851129116032,0.3305031722818533
-0.5544618368148804,-0.17307491600513458,-0.12378702684388379,-0.29369194759002826
0.8230563402175903,-0.1428077667951584,0.6183091416963901,0.5390112278055781
-1.5192078351974487,0.3289891183376312,-0.06877074076385276,0.14787167343627822
0.6810284852981567,0.4152181148529053,0.08056325902245769,0.30132591935201686
-0.36931753158569336,0.033865250647068024,-0.9045275196176076,-0.08785387896074959
0.7804363369941711,-0.13391870260238647,0.8286762284895608,0.06421924834362013
-1.4846264123916626,-0.04910534992814064,-0.6859044359104033,0.2719802454378021
0.7507310509681702,-0.0637686625123024,-0.32737692287796294,0.38409556717612203
-0.8712072968482971,-0.26446840167045593,0.1672863848542495,-0.2910848929073289
-0.26687946915626526,0.6034988760948181,0.5090391052059182,-0.21869939440461555
-0.5698821544647217,-0.14205600321292877,0.0050681609268039135,-0.09407108550925386
-0.21545277535915375,-0.24325457215309143,-0.1384828654474901,-0.09638372917216825
0.5469973087310791,0.054580558091402054,-0.1647143606848687,-0.12376444615957072
-0.32131609320640564,0.06111684441566467,-0.07671715265435003,0.047726504194576407
-0.848667323589325,0.18318825960159302,-0.5224680379232679,0.03309209630682533
-0.3497790992259979,-0.1923675388097763,0.7081747983049569,0.3944815243514157
-0.003897368907928467,-0.11389317363500595,-0.32426808446876676,0.45959405903548284
0.531963050365448,0.2542966604232788,0.056815341064524585,0.3542001017170666
-0.38525915145874023,-0.2779104709625244,0.6908281694910465,0.27425620623572544
-0.665183961391449,-0.2599047124385834,0.04725067890172585,-0.06601689706434938
-0.14818668365478516,-0.35221031308174133,0.744762243366039,-0.16159927771587435
-0.2507811188697815,0.47587814927101135,-1.2443646129033388,-0.44782652495564146
0.027227360755205154,0.20806747674942017,-0.548032771945669,0.5410177459026562
0.4811911880970001,0.03302338719367981,-0.8674044779917572,0.3469119986632474
-0.2782379984855652,-0.047476980835199356,-0.056852911846157206,0.22610173058751104
-1.1941170692443848,-0.0655374675989151,-0.1484750076380752,-0.02611928146192248
0.7582293152809143,-0.003607749007642269,0.6288951589234411,0.04277507714753592
-0.4424806237220764,0.16618455946445465,-0.32266507874899963,-0.1426785418479747
-0.5666239261627197,0.11400137096643448,-0.5903235607329282,-0.32276431757828944
0.18412023782730103,-0.11313236504793167,-0.8501905182373801,-0.4076645192061209
-0.712289571762085,0.20421946048736572,-0.31890546326803104,0.09831452068003398
-0.38379156589508057,-0.1956653892993927,0.009476019623552143,-0.2433427961204836
0.21941237151622772,-0.14650993049144745,-0.6669431145642428,-0.16348606599507692
0.09121143817901611,-0.16001881659030914,-0.6773582661217775,-0.30652168335297425
-0.4804648458957672,-0.19921569526195526,0.2771243657135166,0.4413820178682178
0.10165973752737045,0.21515008807182312,0.7950840192971046,0.26009820306650067
-0.8383921980857849,-0.13217675685882568,0.38597009745702254,-0.14146992170563616
0.4518381953239441,-0.07443585246801376,0.6290113187749301,-0.05298455982885961
0.3913487493991852,0.2381400465965271,0.08904662926039539,0.14247773393694468
0.23367150127887726,0.014402994886040688,-0.3755323583889666,0.12018032652450099
0.2600441575050354,0.09466809034347534,-0.05086876938422387,-0.061029515929711814
0.5742172002792358,0.15614259243011475,-0.20511916459061175,0.07933430445375302
-0.4346124827861786,-0.24468453228473663,0.21176406763049943,-0.19007123868806763
-0.3187607526779175,-0.03351069241762161,0.6497832920742992,0.123878622521154
0.6085844039916992,-0.08845425397157669,0.0015960506292835158,-0.18440439763138713
-0.5810126066207886,0.033060383051633835,-0.6229367666539715,-0.07212725954346805
0.02223559468984604,-0.17208117246627808,0.8351776247175025,0.11839909227172368
-0.029199443757534027,0.021530859172344208,0.1480632823911369,0.18775916168925147
-0.3318169414997101,0.02668759785592556,-0.2513013754715315,0.08175957288994148
-0.7564665079116821,0.04210000857710838,0.6954631881726453,0.21931255441192876
0.9512494802474976,0.2771056890487671,0.7243095173773595,-0.23666729734473368
-0.6352620124816895,-0.23180337250232697,0.527608191996892,0.1145357115728628
-0.47640135884284973,-0.13749979436397552,0.3796095354991027,0.055813164899191435
0.6196372509002686,0.11813335865736008,-0.041134237208085414,-0.058585365433297995
0.05468820035457611,-0.17674002051353455,0.19513489287031088,-0.28281432651864424
0.42763763666152954,0.17750497162342072,0.44107888493357855,0.060439989878800726
-0.42680731415748596,-0.29901957511901855,0.587794056359978,0.26398715417164886
0.008176567032933235,0.08218041807413101,0.35018342541309055,0.21205352493732055
0.5504351854324341,0.2532682716846466,0.14421393437019542,0.21376155754876774
0.532171905040741,0.42822691798210144,-0.22603370726548996,0.2159629374630816
0.3155514895915985,-0.13152682781219482,0.23401462197870565,-0.16152720850684826
0.14648902416229248,0.24566404521465302,0.2505057861588255,-0.0016956542607695288
-0.1571512073278427,-0.2590659260749817,0.057885244233550126,0.15392295641439754
0.08211521059274673,0.17894980311393738,0.4422623556320312,-0.04657760389775431
0.2870570719242096,0.027013683691620827,1.1511540763109158,0.4374940807620672
0.40421047806739807,0.02979321964085102,0.2109581735010766,-0.15058361439259538
0.05613246187567711,0.08092328906059265,-0.0451161236558147,0.01606731142831965
0.2717634439468384,-0.18122988939285278,-0.7782843940295174,0.18036796494965152
0.20183788239955902,-0.26997846364974976,-0.4878802639905747,-0.38904092939652446
1.5302035808563232,-0.2663641571998596,0.161051349344351,-0.14453220518613913
0.2909756004810333,-0.014547011815011501,-0.05004825907327307,0.21755692989066955
0.15996943414211273,-0.018088743090629578,-0.10161412597960189,-0.26949501249649904
-0.04340585321187973,0.6216395497322083,0.21900335012112643,-0.018937525353054444
-0.634280264377594,0.050388600677251816,-0.44712591206633273,0.03787856595910813
0.3621211647987366,-0.07517482340335846,0.016628151221910033,0.18191359683514763
0.3227478563785553,-0.17922592163085938,0.9328744145838606,0.3424169247658023
-0.49827703833580017,-0.19126363098621368,-0.9834650521084517,0.12603603541481867
0.4675644338130951,0.04282107576727867,-0.6243217892109265,-0.2884485968660358
0.06230621784925461,-0.24611526727676392,-0.42830219091901256,-0.1931339647881819
-0.871319591999054,-0.5620301365852356,-0.18795774098283913,0.44126397686181396
-0.587177038192749,-0.32860109210014343,0.0858540465889162,-0.451604603834229
1.2995707988739014,0.33149370551109314,-0.28690021099452456,0.3751600664400358
0.16088137030601501,-0.08735716342926025,0.15260310909050223,0.044123934596136324
0.12968440353870392,-0.22957666218280792,0.008009261731035678,0.3087698402291491
0.7763059735298157,0.49362990260124207,0.4675434921725937,-0.0815201745196334
-0.19633932411670685,-0.018070483580231667,0.10396320362971914,0.00017873820420358233
-0.3639652132987976,-0.047718632966279984,0.6536748269336505,0.24069099817857004
-0.46096357703208923,0.26869168877601624,0.3143357905441763,-0.21608882846964608
0.20073911547660828,0.19066154956817627,-0.19525151858419817,-0.12841665759649776
-1.1884688138961792,-0.0703633651137352,0.18733683447167007,0.21949242507558248
0.6143932938575745,-0.334400475025177,-0.8904937016140051,0.17941837957794288
0.5717455148696899,0.52659672498703,0.8832079611998533,-0.3229739246516761
0.4512760043144226,0.05405854061245918,0.046029949462239816,0.12797324731827672
0.395207941532135,0.35166943073272705,0.19796563192206176,0.2502680539201602
-0.06123574823141098,0.0061953808180987835,0.04463223248772084,-0.2054155285753215
-0.4473259449005127,-0.20776881277561188,-1.0005814354315654,-0.17988928075339228
-0.6180688738822937,-0.1779831051826477,0.6082767896723748,-0.067794090214818
-0.005360919050872326,-0.07576040178537369,1.4025637970920988,0.2876551062343412
0.1680838167667389,-0.2480255365371704,0.4479547484840094,0.3555503876686359
0.34746086597442627,-0.05686397850513458,0.0823461143344187,0.11296980773285915
-0.44167590141296387,0.24774879217147827,-0.03341265303708765,0.30415646616648656
0.24508973956108093,0.0954866036772728,0.5842124534617713,-0.48150358042536
0.11577614396810532,0.1489250659942627,0.4157133980108678,-0.052914863053583346
-0.5905352830886841,0.09143400192260742,0.49954432284844374,0.3062818941075335
0.8739413022994995,0.19850288331508636,0.5846761934311516,-0.0748189246205517
-0.16778910160064697,0.058979619294404984,0.42254329018330283,0.13902171969220767
0.007163891568779945,0.19613441824913025,0.13666434448711026,0.24182472088834972
-0.32734283804893494,0.21446174383163452,-0.5712478928546251,0.2770960707771074
0.22935760021209717,-0.11965984851121902,0.10458021681243043,0.20940404793138429
-0.7488763928413391,0.03901064023375511,-0.4232870738528407,-0.07483160178459553
-0.928164005279541,-0.02660619094967842,0.31265163968373766,0.2220490861413878
0.1595400869846344,-0.18945647776126862,-0.059763652917793564,0.21600454560659618
0.19427257776260376,0.08685427904129028,0.08255346603699681,-0.13954993712200092
-1.1304413080215454,-0.09007778018712997,0.18245649912511558,-0.24225111023929838
0.4673512279987335,-0.04284428060054779,-0.005008249726928628,0.36005796192983963
0.504055380821228,0.0298719834536314,-0.3346164756193638,0.00419795935599364
0.6720916032791138,0.08423297107219696,-0.05566343473250735,-0.25544752153583195
-0.0020818719640374184,0.03362805396318436,-0.06406339882066243,0.18234000652704813
-0.6569937467575073,-0.27674901485443115,0.1306538464879972,-0.18603588083839873
-0.3312860131263733,0.10330260545015335,0.06914078282870112,0.09256352093258371
0.5949175953865051,-0.038349077105522156,-0.4286107290519921,-0.21257267408049635
-0.8358497619628906,0.08657655119895935,0.14538615192938453,0.4596355673424642
-0.45544353127479553,-0.05037743225693703,-0.10863190153953822,-0.3522550809779074
0.4576880931854248,-0.20592838525772095,0.9926898532669944,-0.12989041724812214
-0.5076884627342224,0.1686858981847763,0.18499073343006844,-0.1296000596171632
0.19239066541194916,0.07417619228363037,-1.3231438376914013,0.1823973640221404
-0.02974824421107769,0.15107665956020355,-1.3305075748058646,0.41190465341682453
0.6530733704566956,0.10599502176046371,-0.4109039037227069,-0.21600921907740556
-0.44047486782073975,0.19205933809280396,0.13002873345628602,0.03555106005866064
0.10718543082475662,0.1742711365222931,-0.531681285066222,-0.10598716889520482
0.009655405767261982,-0.31821367144584656,0.06410647248514474,0.11901376672281207
0.4062381088733673,0.08148401975631714,-0.8375792092145173,-0.22531325558441684
-0.21223066747188568,-0.10482846945524216,0.6139276512665578,-0.3159129081817745
-0.4620053172111511,-0.4095108211040497,0.027045096874321432,-0.039239740806147755
-0.08326402306556702,-0.4752011299133301,0.15700228775007058,0.3724699447204746
0.31516751646995544,-0.2622281312942505,1.2968615257353688,-0.6854813093612876
0.04099850356578827,-0.19268016517162323,0.017527873184419028,-0.379539051230207
-0.2613222002983093,-0.06393971294164658,0.6406722063565065,0.01544324577626837
0.059209439903497696,-0.21439558267593384,-0.11836154821677417,0.004027938128934685
0.26353558897972107,0.05927571281790733,0.12483848737903616,-0.06910861930833034
0.06456170231103897,0.5178587436676025,0.5513356160464691,-0.00320041368455219
-0.2626537084579468,-0.1584925353527069,0.563398696263681,-0.17938935394780015
0.08905299752950668,-0.008185851387679577,0.2806410108562856,0.2306026470712073
-0.36659127473831177,0.08054738491773605,-0.15358451020670277,-0.04953981016879258
0.10210110247135162,0.04146889969706535,-0.4832668956846014,0.0005656514083057715
-0.4091435670852661,0.12309452891349792,-0.012454666670666262,-0.14140248574883368
0.056319039314985275,0.08662060648202896,-0.6578092301947244,0.025598447520326528
-0.049815598875284195,0.1117408350110054,0.010669464852695827,0.5096118849570959
0.4772646129131317,0.154628723859787,-0.7396101977655302,0.15728540626449877
-0.39665400981903076,-0.022511061280965805,0.17197050779994855,0.1348857885196244
0.9635014533996582,0.06649941951036453,-0.15042777023596482,0.06450849191555993
0.025407975539565086,0.43370532989501953,-1.0033662987692533,-0.10950389736073562
0.35613933205604553,0.13215087354183197,0.23137205821743845,0.2042656800632223
0.6150305867195129,-0.010553516447544098,0.41544763232464627,0.031371754452572946
0.3940165042877197,-0.2581424117088318,-0.1281145088533815,0.2206519410124231
-0.9984526634216309,-0.3304595947265625,0.08870788622412684,0.3150146952922198
-1.1233103275299072,0.3775815963745117,-0.2460707698335374,0.23055072890738737
0.6144508123397827,0.33293411135673523,0.6478625592181103,-0.014522529016439786
-0.2820294499397278,0.24674701690673828,-0.1692612699057756,0.45897492919029365
-0.7905330657958984,0.23985989391803741,-0.021071483932784615,0.025722785211579113
-0.13276104629039764,0.28432488441467285,-0.6761591417960177,-0.03330267017852223
-0.5944534540176392,0.5141586661338806,-0.7286412590922164,0.26483203405324995
0.538844883441925,-0.08531317859888077,0.3488181479481579,0.19535679802477546
0.17352604866027832,-0.11501523107290268,0.5001622351493292,0.15111454458945683
-0.08172860741615295,-0.10104517638683319,0.0901473883843249,0.033020908927551225
-0.13862061500549316,-0.12804241478443146,-0.03246681265476037,-0.0997500027691301
-0.8884829878807068,0.2550409138202667,-0.9705504867173362,0.03699105322945445
-0.3437696397304535,-0.09900938719511032,-0.18277029998980043,0.43906423954750096
-0.6800178289413452,0.04423322528600693,-0.1020009477408501,-0.09689201852490423
-0.3518718183040619,-0.10534234344959259,-0.17786971409285512,-0.4873101099667285
0.19659483432769775,-0.45049959421157837,-0.6063774964716907,-0.27100074453255496
0.7133108377456665,-0.20671094954013824,-0.19880862955843104,-0.2982366683554067
0.8542173504829407,0.08990456908941269,-0.34207222052928155,0.07465098961443153
-0.16292746365070343,-0.2372201383113861,0.5275386603619843,-0.31257096767261583
-0.39876991510391235,0.2214312106370926,-0.07392783195494815,0.33035786244373244
-0.09956897795200348,0.1117853969335556,-0.25902470156069346,-0.03196176987854085
-0.16611942648887634,0.17678974568843842,0.26251726525624874,0.46481963197401266
0.24436822533607483,0.28932952880859375,-0.40223998071578565,-0.02220676180984188
0.3731546700000763,-0.12095563858747482,0.3566620389881647,-0.15853127490322338
0.28476324677467346,0.4250088632106781,-0.9973192488212798,-0.28788892574254965
-0.5415038466453552,-0.007432509679347277,-0.28645397891947066,0.46026668431745793
0.7717466354370117,-0.07351220399141312,0.3800113621019127,0.25668012960089254
-0.2297975867986679,-0.013344082050025463,0.3672978540128449,-0.29597519672848893
-0.7616903781890869,-0.14222736656665802,-0.9251147050206661,-0.3593111639008899
0.16356749832630157,0.7591505646705627,0.3270896368036852,0.03388107345708651
0.7635425925254822,0.32950693368911743,0.11312254745005218,0.4341900352092306
-0.5297455787658691,-0.5252879858016968,0.09660794045494947,0.3251965027664764
0.09320052713155746,-0.02143024280667305,0.21999612779867445,0.32960410204569174
0.5013167858123779,-0.2984689176082611,-0.6346035367423088,0.0763184939311338
-0.2547902762889862,0.01714775152504444,-0.0019256857621957613,-0.00041637787115702185
0.1599528044462204,0.02409869246184826,-0.0352101398440406,0.11374368158464038
-0.9436821937561035,-0.06418551504611969,-0.08969393503762862,0.25909443960164696
1.4639155864715576,-0.5680698752403259,-1.0409599887158583,0.2213257543398165
-0.4005085229873657,0.17084136605262756,0.6412829852210123,0.023105012678125203
-0.6322120428085327,-0.2582976818084717,-0.6091752161688666,0.330112102146648
-0.11994075775146484,-0.3494594097137451,-0.5614688382642954,-0.10317205635403909
0.24319662153720856,0.05375412479043007,0.07141235418047673,-0.2616596213499599
0.6143658757209778,-0.24878543615341187,0.048552905561625025,-0.10117768095143227
-0.2776448130607605,0.027381254360079765,0.02189450729385093,0.25665111989185957
-0.33911699056625366,0.16130490601062775,-0.11658355475992332,-0.08810961764008717
0.8759871125221252,0.03753513842821121,-0.12642323582330695,0.047137501014378545
1.1736382246017456,0.4945664405822754,0.3275733654950396,0.32087251473112505
0.2790333032608032,0.16039752960205078,0.4955044242728682,0.44455416511373136
0.4786533713340759,-0.12858499586582184,0.325559983833665,-0.11705665824462066
0.8540228009223938,0.0017210097284987569,-0.8597042987199109,-0.24737101308905185
-0.10940469056367874,-0.17197047173976898,0.035923229380767224,0.29246893631018406
0.22765114903450012,0.16345231235027313,0.7352524994948031,-0.16472107883192627
-0.47325003147125244,-0.10699645429849625,0.5202129274069079,-0.048477098269871545
0.018363602459430695,-0.14294026792049408,0.024658949604834668,0.3737745008146998
0.10954190790653229,-0.3802339732646942,-0.16462522888814246,0.19031403725659676
-0.05298711359500885,-0.052756521850824356,-0.5238072038136194,-0.033496176095296044
-0.6433804631233215,-0.05652966350317001,-0.12660812697108864,0.09606990105994026
0.06606940180063248,-0.05550267919898033,0.5509584885333552,0.1250612772001548
0.5245415568351746,0.27895593643188477,-0.5126290256119195,-0.3191127307738772
-0.06931711733341217,0.17614348232746124,0.14860977488903784,-0.11916317544947909
-0.7796993255615234,-0.03249989077448845,0.16533398308382743,-0.06716388668591759
0.06453496962785721,0.022386794909834862,-0.14842815025216444,-0.3207724963212891
-0.5245582461357117,-0.4898292124271393,0.5580058811410505,0.09912493288878416
0.21545308828353882,-0.00027011497877538204,0.048693577257192956,0.16774460160637938
-0.48152947425842285,-0.24335670471191406,0.49431392084846243,0.11521827532362355
0.44990164041519165,0.39640605449676514,-0.13576427297583268,-0.021536650015492632
-0.22421115636825562,-0.006509742699563503,0.5486262495965588,-0.15624852802851943
0.5677816271781921,-0.03188547119498253,0.15424414639697948,-0.05476476712169698
0.29292619228363037,-0.16165108978748322,-0.5629472822244184,-0.10004852665246117
0.2742975354194641,-0.3069187104701996,1.3414179240960227,-0.13304204103264883
0.44998303055763245,-0.14199404418468475,0.24993262109168032,0.06469459033998397
-0.10120601207017899,0.07064846903085709,-0.43409217818165924,0.1562880330588074
-0.6288772225379944,0.03932912275195122,-0.4967757469523216,0.18396350696148162
0.050565365701913834,0.45664599537849426,-0.18826873016336257,-0.03019979059189489
-0.11635816097259521,-0.07841680198907852,-0.20954402946669692,0.28940050430732606
-0.07777772098779678,0.2604244351387024,-0.23927312861727568,0.15433980931732413
0.4238244593143463,-0.2766229510307312,-0.06576144135497555,-0.019541566600977972
-0.11821933090686798,0.25172457098960876,-0.9553508987669601,-0.32816452972494536
0.11805706471204758,0.3234533965587616,0.5844361310570862,-0.18901669860266085
0.29037249088287354,-0.0035311318933963776,0.17546670082821583,-0.11558816904430261
-0.3968428373336792,-0.20932236313819885,-0.4201110966303074,-0.2100019004822139
-1.0286943912506104,0.17912648618221283,0.13560823935975516,-0.24240003880680133
0.6523725986480713,-0.005671399645507336,-0.11661185201634433,-0.13831618901861792
-0.02035207487642765,0.01124919205904007,0.1792412516496827,0.22014097760466306
-0.9083772897720337,-0.17170578241348267,-0.5289298791681951,0.28973987078660063
-0.7189863324165344,-0.22245486080646515,0.19779572691565012,0.14416890058216303
-0.27558863162994385,-0.1978335976600647,-0.23527279316398858,-0.038315921666735475
-0.2122696340084076,-0.10785452276468277,0.5515648967054083,0.45532281964689936
-0.23599036037921906,-0.07766032218933105,0.2980863099796947,-0.1002873833238474
-0.6983988881111145,0.11189595609903336,-0.809359380112936,0.01822969503982086
-0.26771023869514465,0.08753067255020142,0.795932043380345,0.008917987175002633
0.5284815430641174,-0.43596237897872925,0.08233875761356953,-0.12255671469026433
-0.5451399683952332,0.04706237465143204,0.03843233150756137,-0.36220905292603806
-0.4885387718677521,0.16517312824726105,0.31227016826814713,-0.12010842873316231
0.500127375125885,0.33025622367858887,0.004351956478115371,0.21170479461989467
0.15355758368968964,-0.03969335928559303,-0.13983198175075318,0.14117155047000735
0.3085305690765381,-0.10794319212436676,-0.534516873640807,0.2089538729824916
0.2779180109500885,0.21094661951065063,-0.3119443657718757,0.19302905741037468
-0.2497560679912567,-0.1517138034105301,-0.5216551994751981,-0.14607260224392193
-0.4170927107334137,0.06757178902626038,-0.3892328157784452,0.23165195330663785
0.19377820193767548,0.4984801411628723,-0.31429776353216177,0.1713468554617439
0.21700356900691986,-0.21727105975151062,0.34886189460197636,0.28204967180317303
-0.4008021950721741,-0.07516106218099594,-0.00014200691548454936,0.38564240422651497
0.9979470372200012,0.07950805872678757,-0.15920695701352533,0.3739329099021824
0.8162903785705566,-0.361522912979126,1.0782808984198684,-0.17203736722535318
-0.8131330609321594,-0.047459885478019714,-0.77931595776511,0.049582778547091144
-0.9557071924209595,0.09666089713573456,0.5355569326289135,0.16842113640284978
-0.3525543510913849,-0.4949648380279541,-0.6664766992304868,-0.008848394616626398
-0.24854935705661774,-0.6152976751327515,-0.4683659079912656,-0.18649128273235394
1.086656928062439,-0.3008330464363098,-0.3405060578220083,0.3210122928994683
0.39703619480133057,0.49334338307380676,-0.8257494138313608,-0.19235336167466877
1.4583954811096191,-0.1292928159236908,-0.2888227651252333,0.26827022468026873
-0.9856017231941223,0.027222828939557076,0.21379943256790093,-0.4647159430729813
0.25207823514938354,0.07955814898014069,-0.0003157990480290862,0.23433343814403923
-0.6076975464820862,-0.11448290199041367,0.8477503940077913,0.1236461521102612
-0.02302977815270424,-0.07543172687292099,-0.4440220508649744,0.2434844692314653
0.5110058188438416,-0.02743345871567726,0.5500132675712619,-0.3816191353686167
-0.07830649614334106,-0.08733765035867691,-0.20505299567600252,-0.13256362003474903
-0.2535354495048523,-0.015153953805565834,-0.4137466309192186,0.1244669896811395
-0.10077419877052307,-0.09684313833713531,-0.5327870971770354,-0.1966329485950567
-0.14486120641231537,-0.42180702090263367,0.03157658307523763,0.07806895886952817
0.06902924925088882,-0.08989843726158142,-0.1736150124078046,0.143557027657298
-0.39619937539100647,0.31716054677963257,0.2557427254581758,-0.0690806486263777
-0.09227274358272552,0.07260587811470032,-0.7364394520601429,-0.059398350728340876
0.015030390582978725,0.460125207901001,0.9956513885213489,-0.25918859413370127
-0.1463404893875122,-0.5038943886756897,0.04034763383593458,-0.47695467320415125
-0.0965813621878624,0.13110223412513733,0.9630877199269313,-0.10796629463430064
0.013154716230928898,0.020054517313838005,0.31760466396105846,0.2914022996345195
0.406807005405426,-0.15240615606307983,-0.22529138778166424,-0.01754555519280253
-0.1414002627134323,0.05982564762234688,-0.16347113811140046,-0.30476282783648156
0.4653211832046509,-0.008259203284978867,0.04406050724754457,-0.43014679862008676
-0.511309027671814,-0.4928191304206848,0.3657422554406608,0.3978602348664994
0.6712983250617981,-0.07329962402582169,0.7668268644724985,0.0486041870717046
0.42230647802352905,-0.04416695982217789,0.5423138479170997,0.053583268746311245
0.2856506407260895,-0.25572168827056885,-0.2568576379261156,-0.2631701450587219
0.828533947467804,-0.07752963155508041,0.022400937651480386,0.06678148649888542
0.24140247702598572,0.05179867893457413,0.23981106819875136,-0.16091404679371824
0.17131945490837097,-0.29266077280044556,0.26685952554333936,-0.08748429232352209
0.37218207120895386,-0.06611939519643784,0.33439748245280704,-0.06132621977258478
0.17989040911197662,0.34934720396995544,0.5667644259172998,0.1305851780201579
0.3450479507446289,-0.3403583765029907,-0.24823191553885127,-0.05237086267550824
0.16470743715763092,0.047558046877384186,-0.07425791955232502,-0.6831333302286884
-0.10253071039915085,0.2709046006202698,-0.39413568428623363,0.01823037749423484
-0.08056361973285675,0.3107302486896515,-0.29096270529738943,-0.08060477239745112
0.30006229877471924,-0.07195322215557098,0.17862903696909832,0.2554257034417346
-0.08179719746112823,-0.15940262377262115,-0.3718155461940998,-0.1915179586719465
-0.23274806141853333,-0.4473290741443634,0.655096025223149,-0.03716702429276719
0.8351317048072815,0.29398900270462036,-0.024325811148703164,-0.13343707944014976
0.23376664519309998,0.14401304721832275,0.15618934674496435,0.0053360934304696695
-0.5610708594322205,0.04104160889983177,0.12158187011768755,-0.06273990343355841
0.4435444474220276,-0.016703572124242783,-0.4832221495630288,0.12528478156988454
0.011576185934245586,0.13707472383975983,0.12486727757700544,0.41078721339021246
-0.022726519033312798,0.10804161429405212,0.17790567892126502,-0.029316519199830124
0.0143280653283,-0.27976730465888977,0.36371857790181894,-0.018203686842711057
0.5742348432540894,0.09090535342693329,-0.26353581191971864,0.4269997794439782
0.8555898070335388,-0.2487291693687439,-0.9550013005612144,0.10579294064004718
-0.6072636246681213,0.1083497405052185,0.12356960727856556,0.15925954547804083
0.33816900849342346,-0.0892290249466896,-0.04417944072120311,0.05132405947975976
0.5639525651931763,-0.19778114557266235,-0.374797205827452,0.12268644460920486
0.17969946563243866,-0.22921930253505707,-0.199075319175144,-0.18557905126555835
-0.1851271688938141,0.012198307551443577,-0.02969651974342536,-0.11067066561895292
0.04897123947739601,-0.48898884654045105,0.8436654328073179,-0.2413199610744331
-0.015090727247297764,0.2481345385313034,0.5112832806227297,-0.12329728872310522
0.9865323305130005,0.11656972765922546,-0.155360028983414,0.28019024476088783
0.18207092583179474,0.34115535020828247,-0.11151481064751984,-0.1130172984577909
-0.5373905301094055,-0.3748059570789337,0.5606146813586065,-0.023574965048267657
0.39690712094306946,0.02076422981917858,-0.032509570809457586,-0.020128890373890318
-1.1149837970733643,-0.14797747135162354,0.36644003803283937,-0.13997928363597645
-0.24216972291469574,0.21707645058631897,-0.3519700674609114,0.09792836872506841
0.16527514159679413,-0.2755870819091797,0.29666625604653274,-0.266659876979523
-0.48503053188323975,-0.2302757352590561,-0.004413570012231971,0.055123150956991315
0.45452094078063965,0.0863901749253273,0.47304281636651535,-0.0029672742250701346
-0.6533765196800232,0.5483576655387878,-0.751920128236327,-0.01138224700870294
-0.18227198719978333,-0.03360123932361603,0.4446358948633249,0.06890573810205097
-0.4724784791469574,0.004945990163832903,0.3847866794102087,0.08797631468695472
1.2308450937271118,-0.6982288956642151,1.0791639239114577,0.07142923306365678
0.24662697315216064,-0.2587347626686096,-0.26876580972716957,0.0817207403517707
0.05633379518985748,-0.20219777524471283,0.3838431662763001,0.1969145059930495
0.41240590810775757,0.2950080931186676,-0.6372098747542416,0.4074950025619668
0.010921495035290718,0.016676191240549088,-0.44652754536003525,-0.1021559846567468
0.20959195494651794,-0.09625609219074249,0.4062315523124097,0.0371399202429626
0.4647848308086395,0.2689833343029022,0.607844279033982,-0.15021094311100666
-0.46137312054634094,-0.0845503956079483,-0.8446370221960999,-0.12231304956148875
0.18448051810264587,-0.2827882766723633,0.40374682062427614,0.30191332178357994
-0.6926131248474121,-0.10590187460184097,-0.43102045129138294,0.23560382033975175
0.6730755567550659,0.11800387501716614,0.4008996245245916,0.11656704420781064
-0.13239526748657227,0.08572845906019211,-0.4465978088688516,-0.10644193089660854
-0.2636726498603821,0.1059500202536583,0.1310405539194915,-0.21927053282512074
-0.14874935150146484,0.1639571487903595,0.47956361361785493,0.26414079274220964
0.03621315956115723,-0.27419784665107727,0.17947881928063178,0.06488763216020257
-0.6935944557189941,-0.08450545370578766,-0.47412777295404984,-0.22598594054695903
-0.05957699567079544,-0.19398744404315948,0.7408164400514041,0.023420927664199044
0.5320203900337219,-0.19390550255775452,-0.1766436428727582,-0.3321580638314003
0.3369324803352356,-0.25461462140083313,0.7565745588685115,-0.111076249401713
1.4193501472473145,-0.12965808808803558,-0.32697285626036926,0.09887185838630191
-0.8099353909492493,0.17753666639328003,-0.14565606493299824,-0.20357542657471248
0.5238885283470154,-0.20179040729999542,-0.024873486175240843,-0.2705834526268235
-0.24311113357543945,-0.005212891381233931,-0.17431589063125427,0.29297233242805143
-0.6739461421966553,0.18143904209136963,-0.14021290774408207,-0.03467673778367548
-0.5347220301628113,0.23776763677597046,-0.28107519605837017,-0.004028267343307024
0.09848853200674057,-0.07602720707654953,0.43638405887397747,0.2176899389392532
-0.3719317317008972,0.16147051751613617,0.3805728399248699,0.2424038763578421
0.1693251132965088,0.09842416644096375,0.3147677043709777,0.4164788885080857
0.22684048116207123,0.2255811244249344,0.23649337010019614,-0.05750564854345596
-0.35239607095718384,-0.015804637223482132,0.12850379193663924,0.18775685948172777
0.877190351486206,-0.2654503285884857,0.19527042449941673,-0.1174965284252394
0.30697211623191833,-0.04290130361914635,-0.23909310127284433,-0.22498139703087344
0.0781361535191536,0.059471458196640015,0.14374737022929374,0.007895137234308139
-0.21108639240264893,-0.4917154312133789,-0.007922337194754284,-0.19077963655397173
-0.3148110806941986,0.00169001379981637,-0.20115499879757698,0.02616248254653477
0.6928034424781799,0.0014565171441063285,-0.1523415310409538,-0.14603060391377723
0.4480947256088257,0.04319486394524574,0.06900695993283423,0.03323503967237825
-0.3281978666782379,-0.25818192958831787,0.22298903946523918,-0.18220812622433427
-0.28201207518577576,0.08907383680343628,0.12326326518492772,0.35381390097472576
0.24064090847969055,0.18580186367034912,0.4728132270969427,-0.01797638911086688
-0.1572970300912857,0.22614729404449463,-0.493903798436043,-0.3457698188903306
0.008135541342198849,0.00589270144701004,0.11690277194050053,-0.09111417203054858
-0.4616033136844635,-0.1008780300617218,-0.01701379553461254,0.2966819129836737
-0.3476540148258209,-0.0891551598906517,-0.42323017645774214,-0.3509440764604131
0.36266642808914185,0.05537911877036095,0.26239601406676705,-0.3724833317076763
0.4340820014476776,-0.1598048210144043,0.010336391102649098,0.16968505329570152
-0.9071506261825562,0.15723960101604462,0.15170831362472081,-0.026323391295441496
0.6389033198356628,-0.08161134272813797,0.005824675230655572,0.3364604928850019
-0.2068820744752884,-0.29771003127098083,-0.678407321885548,-0.18976923081885377
0.31345927715301514,-0.087564617395401,-0.08289584062294088,-0.2871429172000284
0.0842546746134758,0.2596275806427002,-1.389588330341266,0.0837121668692884
0.08051666617393494,-0.013247414492070675,-0.37069928418850817,0.08069774939364094
-0.6186596751213074,-0.1401507556438446,0.22519509124579615,-0.056433651290798345
0.2343302071094513,0.2591651380062103,0.5726966816900152,0.07833378152476886
0.059940870851278305,-0.058067187666893005,0.27292592973952773,-0.27620992361811125
0.7688474059104919,-0.016404179856181145,-0.4159927384455259,0.2686210975083613
0.6705681085586548,0.0349595881998539,-0.1906505412158549,-0.054933614100511445
-0.5767825245857239,-0.02573663741350174,0.3296911015184304,0.009056563375187246
0.2419968694448471,0.03924940153956413,0.2455816414675048,-0.0900549999027178
-0.07508646696805954,-0.38888248801231384,-0.48975374688810075,-0.26009715175933484
0.09978422522544861,-0.3204934895038605,1.0184647379365686,0.03547824058036836
-0.2946566641330719,-0.052658528089523315,0.8175309351236794,-0.5340635252475722
0.0547221414744854,-0.1814049780368805,-0.2212486779109512,-0.1051767666639096
0.14828243851661682,-0.4289838671684265,0.20466421806970417,-0.3674307884631134
1.457827091217041,0.22639034688472748,-0.06635058749730938,0.20732708043037273
-0.09986031800508499,-0.13130582869052887,-0.18314163709022963,0.030970450017715805
0.008923945017158985,-0.32335391640663147,-0.24695636080416336,0.14717777678182098
0.14987540245056152,0.19194753468036652,0.10556155626461332,0.059196549379882696
0.3294050395488739,0.030131570994853973,0.5027933148497572,0.09136105195056748
-0.051306821405887604,-0.14964528381824493,-0.4536739474384082,0.09493876762364548
-0.23639144003391266,-0.15255814790725708,0.4771460625962163,0.36053647688353924
0.5707781314849854,-0.3156346380710602,-0.6501984702345491,0.23420487560908138
0.15827372670173645,-0.07672251760959625,-0.7007066572351096,0.10045024190875218
0.5905457139015198,-0.36749306321144104,-0.5280892217149284,0.011156364967790516
0.3505473732948303,-0.19088976085186005,-0.4520072294750701,0.04764216979545732
-1.1009646654129028,0.01833743415772915,-0.3028265156016334,0.2885626903213229
0.5430509448051453,0.1265144944190979,0.5146682139435478,0.25930898361060656
-1.1408416032791138,-0.35066714882850647,-1.1344816095218717,0.10198004198800437
0.45268815755844116,0.889978289604187,0.35068639816042513,0.17154379878647
-0.3791694641113281,0.2703734338283539,-0.004896294573878808,0.07854862801057569
0.3246373236179352,-0.11379970610141754,-0.7788691005483326,-0.0028577784232559633
0.10139257460832596,0.03797189146280289,-0.7944667785227151,-0.018355304258518834
-0.8280710577964783,-0.15754486620426178,0.2235617019657794,-0.030119855045778583
0.20105433464050293,0.2534909248352051,0.29131939845452665,-0.16672109450099398
-0.5780730843544006,0.36169490218162537,-0.5968623765118735,-0.07320385371469923
-0.16591037809848785,-0.19529469311237335,0.3312029506883464,-0.3140242538267277
0.19172804057598114,-0.461309015750885,0.35881956811777704,-0.11044881471108686
-0.23948636651039124,-0.41405078768730164,-0.4199276508904015,0.08310267147983141
-0.12996718287467957,-0.6196673512458801,0.1860324370057157,-0.2673398188719463
0.504856526851654,-0.03715244308114052,0.009451188816873311,-0.023534541899060783
-0.7270084023475647,0.08209575712680817,0.8650198561793618,0.13802642666232073
0.084597647190094,0.27347978949546814,-0.7570202184142095,-0.04962149583016368
0.01421438530087471,0.5687736868858337,-0.6280165066970766,0.3315406490208145
0.1071503758430481,-0.2167626917362213,-0.6875706086209212,0.43682970247031544
-0.04479804262518883,0.07296457886695862,-0.4096565688926432,0.18200512618039616
0.23089225590229034,0.03080862946808338,-0.6047012209809419,-0.07282886159116025
-0.05772286653518677,-0.02486008033156395,0.24969211348233739,0.33937233103395936
0.5492609739303589,0.027869926765561104,-0.1444472016260527,-0.2690294882851755
-0.1961236298084259,0.16148905456066132,-0.4537815632945609,0.4318367812578474
0.033792369067668915,-0.6186408996582031,-0.49050463007016765,0.30409767323815007
-0.13580957055091858,-0.12546761333942413,-0.16827901479977286,0.11299437997258722
-0.3245883285999298,0.402057409286499,0.1429136069409146,-0.029248311328221623
-0.6161454916000366,0.02639169991016388,-0.2493426409078714,-0.07221510099076897
-0.6266137361526489,0.21871735155582428,-0.31164551875137353,-0.39449005693622086
-0.19580034911632538,-0.40054917335510254,0.5024754298665988,0.5773990534176091
-0.03750927001237869,0.3092254400253296,0.1671953030201799,-0.3255853030930584
-0.7322516441345215,-0.04296397045254707,-0.04319926028046229,0.003195935271981791
-0.283489853143692,-0.1180202066898346,0.5593602177462611,-0.2045998756615811
-0.36205118894577026,-0.06244492903351784,-0.5759002446714483,0.4281528584170522
0.556144118309021,-0.16230367124080658,0.09402448203051186,0.24077406086943592
-0.1795995831489563,-0.12460441887378693,0.10055469664004965,0.28064498822418205
0.11697336286306381,0.13396494090557098,-0.6430336452663866,-0.11207718008208145
-0.2848156988620758,0.038240429013967514,-0.4626785745624159,0.12452616300409636
-0.04597160965204239,-0.08421929180622101,-0.15741720069046777,-0.05403867852978157
0.44263699650764465,-0.11602278798818588,-0.6434596258747112,0.033571631741417085
0.018156634643673897,-0.12892498075962067,-0.5809562765042151,-0.3736078912086365
0.6053680181503296,-0.01505483128130436,0.5114385637519213,0.046506021551717645
-0.0601627342402935,0.4921313226222992,-0.5977139359781407,-0.17205863656145276
0.3756145238876343,-0.0531451553106308,-0.015717884777812448,-0.09903456300395388
-0.4903818666934967,0.3622521460056305,0.14031359390355916,-0.02714456373567427
0.28713133931159973,-0.04787224531173706,-0.46355229403350867,-0.3882848078741598
0.17978182435035706,0.07629480957984924,0.4526341958227656,-0.3229478487272318
0.2264592945575714,-0.005508467089384794,-0.2744808638108006,-0.3316850791144604
0.27704063057899475,0.1180194541811943,0.6442177984260999,0.05163186442724215
0.5400887727737427,-0.021602366119623184,-0.6383372749474175,0.03078805334793766
0.40721872448921204,-0.002374383620917797,-0.1901487690736433,-0.23248248671460017
0.06158241629600525,-0.006117721553891897,0.40105384694042395,0.019324943027467567
0.00752644008025527,0.08249431848526001,0.6667824145343,0.44538245599666126
0.03697194159030914,0.32046711444854736,-0.7148581141147643,-0.4414793573693593
-0.43329161405563354,0.17740797996520996,-0.1764282073460102,0.20080474835303602
0.6347301006317139,0.00607701949775219,0.5942204715057425,0.34214358059921546
0.27978256344795227,0.09091097861528397,-1.6178333501650182,0.28685398931980455
0.451855331659317,0.05000246688723564,0.6464472188078456,0.40154004001677446
-0.059736769646406174,0.3487910330295563,-0.03220606083716297,0.09087087266546218
0.6574128270149231,-0.024257156997919083,-1.1184444728382377,-0.03551513577394111
0.22778241336345673,-0.290029913187027,-0.2237204791098956,-0.1888285499112362
0.441315621137619,-0.034126199781894684,1.5033380025770582,0.029225899250807513
0.07974609732627869,0.12164691835641861,0.14813921265155516,0.5041917269386416
0.10388321429491043,0.4597388207912445,-0.009717199303914757,-0.17987424826059598
0.02293892577290535,-0.0003499539743643254,-0.1842604220843192,-0.3893179474462885
-1.1109085083007812,-0.3034120500087738,-0.19789805367608368,0.415038038007022
0.5497593879699707,0.17263948917388916,-0.44397859740256507,0.22037944603464676
-0.4099244773387909,0.0760764330625534,-0.10407426701193452,0.1967239068654578
-0.4045774042606354,-0.008257505483925343,-0.6175481787174514,0.15525185987851436
0.30342897772789,-0.3419395685195923,-1.7423616939585287,-0.17904733325361777
0.0477188304066658,-0.15490007400512695,1.3999987705424572,-0.34533674449298807
0.3816733658313751,-0.02907290682196617,-0.41290598997870986,-0.1822574476365721
-0.2239415943622589,-0.04018664360046387,0.5173237621717122,0.2972523720669704
-0.7548098564147949,-0.29110246896743774,-0.7221431441854972,-0.3375178001635917
-0.3680857717990875,-0.28483960032463074,0.3873243236450781,0.1377530730882322
-0.4736747443675995,-0.08920774608850479,1.3024079695474764,-0.3132601605047713
0.25855788588523865,-0.13572798669338226,-0.44421767348704627,0.26954671272341035
0.14311526715755463,-0.19642800092697144,-1.7336883876530726,-0.03153193087460415
0.06696866452693939,0.1406392604112625,-0.25682260094164033,0.3451437078711724
-0.11003436893224716,-0.07255438715219498,0.09222386125546894,-0.24040294953509672
0.5111677646636963,0.016951143741607666,0.45770909762027095,-0.2038830809745672
-1.0023484230041504,0.12254348397254944,0.2735836983626646,-0.22958818120907679
-0.13400906324386597,0.21630391478538513,0.5202465676902902,0.08558700107573264
-0.22914370894432068,-0.2023206204175949,-0.5616514472925103,0.2717942979155518
0.597251296043396,-0.026186209172010422,0.051779468366466935,0.05849879290728799
0.3137127161026001,0.09856099635362625,-0.15282195650668393,0.29577837673152857
0.3583606779575348,-0.20540040731430054,0.7103785413350313,0.06153641928292802
-0.0403108112514019,0.1299891471862793,-0.6659619014205062,-0.3604893375156569
-0.6805517077445984,0.07752233743667603,-0.15076993261616406,0.09137011183348889
0.37338021397590637,0.1578877866268158,-0.7843999404265748,-0.005198580597353342
0.09717880934476852,0.2595179080963135,-0.7780861231155674,0.36233654231357754
0.9619113206863403,-0.045562516897916794,0.7038384855562503,-0.058689146880344024
0.5700982809066772,0.12273470312356949,0.26668149018160553,0.29200016273773693
-0.4676429331302643,0.2538837492465973,0.29513001840775027,-0.05734763813418722
-0.9901300668716431,-0.1303245723247528,-0.4622000923636791,0.35847213287112917
0.27108028531074524,0.007520866580307484,-0.3759074893839911,-0.20736229920943677
0.5515360832214355,-0.2684915363788605,-0.6370155274188187,-0.4306265203987426
-0.22109633684158325,0.3229238986968994,-0.17474853873088336,0.40756115974596085
-0.07630990445613861,-0.10443369299173355,0.5043102854311481,-0.22126206460797784
0.09622815996408463,0.12406757473945618,-0.43293599605890076,-0.02675093491485063
0.23363380134105682,0.03142751380801201,-0.46371946372816353,0.1587607902901612
0.23504136502742767,0.13413576781749725,-0.16919431457609416,0.07823602280912909
-0.008728625252842903,-0.19667503237724304,-1.1097196022922655,0.0602181702757863
-0.45065852999687195,0.2624439299106598,0.4040015952413384,-0.6445649580478285
-0.061966344714164734,-0.2577574849128723,0.07952305110625907,-0.21029595566067974
0.0006500903982669115,-0.3785935044288635,0.7539634735651637,-0.02171659197257627
0.578452467918396,-0.07389479875564575,-0.2510977491834965,0.0708546891242828
-0.009225652553141117,-0.37101855874061584,0.32149445881456334,0.062214831764138216
0.810966968536377,0.05397706851363182,-0.46079052566006923,-0.2837031885738152
-0.7809156775474548,0.45117589831352234,0.4096628901264176,-0.23470624037446772
0.20738765597343445,-0.1374286562204361,0.41065219892788296,0.300223556040465
0.889529824256897,0.3710908889770508,-0.01348896500606566,-0.2075023139862645
0.6975319981575012,-0.5980638861656189,-0.5435943396207573,-0.02443948013885463
0.4214222729206085,-0.1461763232946396,0.12167088707623651,-0.048866076556826586
-0.21608635783195496,0.12157990038394928,-0.2833548733712231,0.19135731001616044
0.6073079109191895,-0.34587088227272034,-0.1295460367462954,0.26560029006570113
-0.7065803408622742,-0.03705321252346039,-0.45806859750240414,0.015558867978667568
2.2760345935821533,-0.0435912050306797,1.2479319443617158,0.2780094346730204
-0.536337673664093,0.10760974138975143,0.3090277853996353,0.13053592557259744
0.5471352338790894,0.07372821122407913,0.15999474775592212,0.10887929988591932
-0.730747401714325,-0.0704260990023613,-0.10505657019532161,-0.13108524648342765
0.16103114187717438,0.19234177470207214,0.6851273333680734,-0.09720551435661548
0.1327337771654129,0.1632307916879654,0.3580749153521783,0.21450535819796068
-0.28589922189712524,0.6832631230354309,1.0545817840158498,-0.589917290321537
0.843411386013031,-0.2774856984615326,-0.5849398084455598,-0.2621445748477125
0.08703696727752686,0.07534539699554443,-0.24144510131867114,0.1593609628983927
0.1024976298213005,-0.2448999136686325,0.4276403750596086,0.6220656975975679
0.8871986865997314,-0.23994950950145721,-0.2724214840782827,-0.4092567517421585
0.8626518249511719,0.4384823441505432,-0.1469290716358539,0.5153934315373812
0.23566919565200806,0.007055564317852259,0.28583657623055825,-0.0020218377064573703
-1.3333672285079956,-0.025420162826776505,-0.016480047282179215,0.04773524951294756
-0.3216046392917633,-0.014571955427527428,-0.012944847147010462,-0.09493110016754341
-0.2399420589208603,0.3724954128265381,0.9314343415984551,0.27290404058137463
-0.01444822084158659,-0.13451895117759705,0.8773571162827943,-0.20297392846380707
-1.2685694694519043,0.01821027509868145,0.09494353842352966,0.033586106957175135
-0.29845139384269714,-0.022370364516973495,-0.022665591543058736,-0.6856622279858391
0.1540755331516266,0.17218253016471863,-0.11621310359104636,0.0024646578228046047
0.7469935417175293,-0.014425351284444332,-0.13522953060540419,0.17480188466226845
-0.5736821889877319,0.13948479294776917,-0.9602571184436526,-0.23128278142329928
-0.2218407392501831,-0.09899508208036423,-0.22729525610882173,0.3059592196315571
-0.09401003271341324,-0.34641656279563904,0.44117504881108466,0.25377725572934245
-0.15148736536502838,-0.2165306806564331,-0.03463767726127478,-0.22698974619368262
0.3414311110973358,-0.06513674557209015,0.15458300677490303,-0.07983681995938256
-0.7452487349510193,-0.2103598564863205,-1.5283667716808855,-0.4509071831819491
-0.06142759323120117,-0.01547333039343357,-0.5869884386421635,0.17704478366568202
-0.22097454965114594,-0.21395517885684967,0.41669844736560596,-0.07876122041615383
0.7295441031455994,-0.5008724927902222,0.542906375322257,0.17427824687452226
-0.3859691023826599,0.24626104533672333,-0.659706227624568,-0.01867738131822222
0.11485348641872406,0.004566341172903776,0.20970449055560308,0.13435197269895335
0.25454145669937134,0.46708956360816956,-0.7946929109058792,0.11625076455455241
-0.33076876401901245,-0.43371087312698364,0.4302558571756894,-0.17682859905113427
-0.6262568235397339,-0.29051485657691956,0.42946935952581466,0.005569787577765897
-0.6125961542129517,-0.5549847483634949,-0.03947837473340349,0.11784298446060681
-1.1776208877563477,0.7918382287025452,1.1514088166773289,-0.052261289889384964
-0.37075692415237427,-0.19731131196022034,0.3851360266639529,0.35056250728135346
-0.03354189544916153,0.09555628895759583,-0.6362631821451299,0.2243121940150502
0.4415872395038605,0.11361401528120041,-0.27045767320527775,-0.21745052534520182
0.10048595815896988,0.24577480554580688,-0.0759004528589527,0.47341993236579777
-0.4297960698604584,0.0821961909532547,-0.09214245520576662,0.17723965005086387
0.0007656344096176326,-0.07854404300451279,-0.1133205311222758,-0.32712770953772347
0.6295068264007568,-0.12865641713142395,-0.16441001585313691,0.13653227435265364
0.4877173900604248,-0.044835638254880905,0.2894473819308164,0.021841787874359773
0.12604130804538727,0.030656516551971436,-0.0929168842526988,0.11434746854293884
0.29571449756622314,0.07238307595252991,-0.06368423648708549,0.5226538416212156
-0.45880356431007385,0.05028146505355835,-0.12797994784411015,-0.12428300795356156
-0.6213845014572144,0.2987489700317383,-0.20453966998976447,0.35872581425693006
-0.05450623854994774,0.02202083356678486,1.453355511078859,-0.06533302745507112
-0.5514687895774841,-0.03199342265725136,0.03362230676246138,-0.028485238716518584
0.3856302499771118,0.1902434080839157,0.126060027882474,-0.04844345602328431
0.21149978041648865,-0.1233280599117279,0.04010318820479834,-0.28661026882582497
1.0630398988723755,-0.4049789309501648,0.5733892117075514,-0.39516649693744504
0.2273021638393402,-0.4706961214542389,-0.3441959754500239,0.012457966494514805
-0.0763101652264595,0.10144898295402527,0.6239393800825142,-0.08753241273365304
0.7470434904098511,0.2396756112575531,-0.1715399070380481,-0.3551472859407068
0.96077960729599,0.16993992030620575,-0.11155613363506135,0.23866549564008263
0.674143373966217,0.31358134746551514,0.6116827523559631,-0.08190560163487434
0.6162753105163574,-0.12210971117019653,-0.9959055675520193,0.1732444249386842
-1.0158804655075073,0.5917415022850037,-0.4565086687829186,-0.17759103537851106
